<?xml version="1.0" encoding="UTF-8"?>
<CacheInformation first="-1" last="0" complete="false">
    <object uid="500">
        <frameInfo first="-1" last="0" complete="false"/>
    </object>
    <object uid="501">
        <frameInfo first="-1" last="0" complete="false"/>
    </object>
    <object uid="502">
        <frameInfo first="-1" last="0" complete="false"/>
    </object>
    <object uid="503">
        <frameInfo first="-1" last="0" complete="false"/>
    </object>
    <object uid="600">
        <frameInfo first="-1" last="0" complete="false"/>
    </object>
    <object uid="800">
        <frameInfo first="-1" last="0" complete="false"/>
    </object>
    <object uid="850">
        <frameInfo first="-1" last="0" complete="false"/>
    </object>
    <object uid="1030">
        <frameInfo first="-1" last="0" complete="false"/>
    </object>
    <object uid="1031">
        <frameInfo first="-1" last="0" complete="false"/>
    </object>
    <object uid="1032">
        <frameInfo first="-1" last="0" complete="false"/>
    </object>
    <object uid="1033">
        <frameInfo first="-1" last="0" complete="false"/>
    </object>
    <object uid="1034">
        <frameInfo first="-1" last="0" complete="false"/>
    </object>
    <object uid="1035">
        <frameInfo first="-1" last="0" complete="false"/>
    </object>
    <object uid="1036">
        <frameInfo first="-1" last="0" complete="false"/>
    </object>
    <object uid="1037">
        <frameInfo first="-1" last="0" complete="false"/>
    </object>
    <object uid="1038">
        <frameInfo first="-1" last="0" complete="false"/>
    </object>
    <object uid="1039">
        <frameInfo first="-1" last="0" complete="false"/>
    </object>
    <object uid="1040">
        <frameInfo first="-1" last="0" complete="false"/>
    </object>
    <object uid="1041">
        <frameInfo first="-1" last="0" complete="false"/>
    </object>
    <object uid="1042">
        <frameInfo first="-1" last="0" complete="false"/>
    </object>
    <object uid="1043">
        <frameInfo first="-1" last="0" complete="false"/>
    </object>
    <object uid="1044">
        <frameInfo first="-1" last="0" complete="false"/>
    </object>
</CacheInformation>
